Model,MAE,SMAPE
MSTL + ETS,21058.90693079883,8.848057376892228
Holt-Winters ETS,22743.038841015015,9.571572540637478
Naive Seasonal,26700.745454545453,11.148005970876657
